"year","species","cultivar","location","name","value"
1998,"Apple","Topaz","Klein-Altendorf","begin_flowering_f5",116
1998,"Apple","Topaz","Klein-Altendorf","flowering_f50",119
1998,"Apple","Topaz","Klein-Altendorf","end_flowering",124
1999,"Apple","Topaz","Klein-Altendorf","begin_flowering_f5",115
1999,"Apple","Topaz","Klein-Altendorf","flowering_f50",117
1999,"Apple","Topaz","Klein-Altendorf","end_flowering",122
2000,"Apple","Topaz","Klein-Altendorf","begin_flowering_f5",113
2000,"Apple","Topaz","Klein-Altendorf","flowering_f50",115
2000,"Apple","Topaz","Klein-Altendorf","end_flowering",122
2001,"Apple","Topaz","Klein-Altendorf","begin_flowering_f5",123
2001,"Apple","Topaz","Klein-Altendorf","flowering_f50",124
2001,"Apple","Topaz","Klein-Altendorf","end_flowering",131
2002,"Apple","Topaz","Klein-Altendorf","begin_flowering_f5",102
2002,"Apple","Topaz","Klein-Altendorf","flowering_f50",105
2002,"Apple","Topaz","Klein-Altendorf","end_flowering",117
2003,"Apple","Topaz","Klein-Altendorf","begin_flowering_f5",110
2003,"Apple","Topaz","Klein-Altendorf","flowering_f50",114
2003,"Apple","Topaz","Klein-Altendorf","end_flowering",120
2004,"Apple","Topaz","Klein-Altendorf","begin_flowering_f5",115
2004,"Apple","Topaz","Klein-Altendorf","flowering_f50",118
2004,"Apple","Topaz","Klein-Altendorf","end_flowering",124
2005,"Apple","Topaz","Klein-Altendorf","begin_flowering_f5",114
2005,"Apple","Topaz","Klein-Altendorf","flowering_f50",116
2005,"Apple","Topaz","Klein-Altendorf","end_flowering",122
2006,"Apple","Topaz","Klein-Altendorf","begin_flowering_f5",124
2006,"Apple","Topaz","Klein-Altendorf","flowering_f50",127
2006,"Apple","Topaz","Klein-Altendorf","end_flowering",134
2007,"Apple","Topaz","Klein-Altendorf","begin_flowering_f5",106
2007,"Apple","Topaz","Klein-Altendorf","flowering_f50",107
2007,"Apple","Topaz","Klein-Altendorf","end_flowering",114
2008,"Apple","Topaz","Klein-Altendorf","begin_flowering_f5",116
2008,"Apple","Topaz","Klein-Altendorf","flowering_f50",120
2008,"Apple","Topaz","Klein-Altendorf","end_flowering",131
2009,"Apple","Topaz","Klein-Altendorf","begin_flowering_f5",107
2009,"Apple","Topaz","Klein-Altendorf","flowering_f50",109
2009,"Apple","Topaz","Klein-Altendorf","end_flowering",118
2010,"Apple","Topaz","Klein-Altendorf","begin_flowering_f5",114
2010,"Apple","Topaz","Klein-Altendorf","flowering_f50",116
2010,"Apple","Topaz","Klein-Altendorf","end_flowering",126
2011,"Apple","Topaz","Klein-Altendorf","begin_flowering_f5",100
2011,"Apple","Topaz","Klein-Altendorf","flowering_f50",104
2011,"Apple","Topaz","Klein-Altendorf","end_flowering",115
